UID,Назва,Тип,Примітки
31,м. Київ,Місто з спеціальним статусом,Тривоги в Києві оголошуються окремо від Київської області оскільки Київ - це окрема адміністративна одиниця.
30,м. Севастополь,Місто з спеціальним статусом,
8,Волинська область,Область,
29,Автономна Республіка Крим,Область,
38,Володимирський район,Район,
255,м. Володимир та Володимирська територіальна громада,Громада,
256,Затурцівська територіальна громада,Громада,
257,Зимнівська територіальна громада,Громада,
259,Литовезька територіальна громада,Громада,
260,Локачинська територіальна громада,Громада,
261,м. Нововолинськ та Нововолинська територіальна громада,Громада,
262,Оваднівська територіальна громада,Громада,
263,Павлівська територіальна громада,Громада,
264,Поромівська територіальна громада,Громада,
265,Устилузька територіальна громада,Громада,
258,Іваничівська територіальна громада,Громада,
41,Камінь-Каширський район,Район,
266,Камінь-Каширська територіальна громада,Громада,
267,Любешівська територіальна громада,Громада,
268,Маневицька територіальна громада,Громада,
269,Прилісненська територіальна громада,Громада,
270,Сошичненська територіальна громада,Громада,
40,Ковельський район,Район,
232,Велимченська територіальна громада,Громада,
233,Велицька територіальна громада,Громада,
234,Вишнівська територіальна громада,Громада,
235,Голобська територіальна громада,Громада,
236,Головненська територіальна громада,Громада,
237,Дубечненська територіальна громада,Громада,
238,Дубівська територіальна громада,Громада,
239,Заболоттівська територіальна громада,Громада,
240,Забродівська територіальна громада,Громада,
241,м. Ковель та Ковельська територіальна громада,Громада,
242,Колодяжненська територіальна громада,Громада,
243,Луківська територіальна громада,Громада,
244,Люблинецька територіальна громада,Громада,
245,м. Любомиль та Любомльська територіальна громада,Громада,
246,Поворська територіальна громада,Громада,
247,Ратнівська територіальна громада,Громада,
248,Рівненська територіальна громада,Громада,
249,Самарівська територіальна громада,Громада,
250,Сереховичівська територіальна громада,Громада,
251,Смідинська територіальна громада,Громада,
252,Старовижівська територіальна громада,Громада,
253,Турійська територіальна громада,Громада,
254,м. Шацьк та Шацька територіальна громада,Громада,
39,Луцький район,Район,
217,Берестечківська територіальна громада,Громада,
218,Боратинська територіальна громада,Громада,
219,Городищенська територіальна громада,Громада,
220,Горохівська територіальна громада,Громада,
221,Доросинівська територіальна громада,Громада,
223,Колківська територіальна громада,Громада,
224,Копачівська територіальна громада,Громада,
222,Ківерцівська територіальна громада,Громада,
225,м. Луцьк та Луцька територіальна громада,Громада,
226,Мар'янівська територіальна громада,Громада,
227,Олицька територіальна громада,Громада,
228,Підгайцівська територіальна громада,Громада,
229,Рожищенська територіальна громада,Громада,
230,Торчинська територіальна громада,Громада,
231,Цуманська територіальна громада,Громада,
4,Вінницька область,Область,
36,Вінницький район,Район,
154,Агрономічна територіальна громада,Громада,
156,Вороновицька територіальна громада,Громада,
155,м. Вінниця та Вінницька територіальна громада,Громада,
157,Гніванська територіальна громада,Громада,
159,Липовецька територіальна громада,Громада,
161,Лука-Мелешківська територіальна громада,Громада,
160,Літинська територіальна громада,Громада,
162,Немирівська територіальна громада,Громада,
163,Оратівська територіальна громада,Громада,
164,Погребищенська територіальна громада,Громада,
165,Стрижавська територіальна громада,Громада,
166,Сутисківська територіальна громада,Громада,
167,Тиврівська територіальна громада,Громада,
168,Турбівська територіальна громада,Громада,
169,Якушинецька територіальна громада,Громада,
158,Іллінецька територіальна громада,Громада,
37,Гайсинський район,Район,
185,Бершадська територіальна громада,Громада,
186,Гайсинська територіальна громада,Громада,
187,Дашівська територіальна громада,Громада,
188,Джулинська територіальна громада,Громада,
189,Краснопільська територіальна громада,Громада,
190,Кунківська територіальна громада,Громада,
191,м. Ладижин та Ладижинська територіальна громада,Громада,
192,Ободівська територіальна громада,Громада,
193,Ольгопільська територіальна громада,Громада,
194,Райгородська територіальна громада,Громада,
195,Соболівська територіальна громада,Громада,
196,Теплицька територіальна громада,Громада,
197,Тростянецька територіальна громада,Громада,
198,Чечельницька територіальна громада,Громада,
35,Жмеринський район,Район,
177,Барська територіальна громада,Громада,
178,Джуринська територіальна громада,Громада,
179,м. Жмеринка та Жмеринська територіальна громада,Громада,
180,Копайгородська територіальна громада,Громада,
181,Мурафська територіальна громада,Громада,
182,Северинівська територіальна громада,Громада,
183,Станіславчицька територіальна громада,Громада,
184,Шаргородська територіальна громада,Громада,
33,Могилів-Подільський район,Район,
170,Бабчинецька територіальна громада,Громада,
171,Вендичанська територіальна громада,Громада,
172,м. Могилів-Подільський та Могилів-Подільська територіальна громада,Громада,
173,Мурованокуриловецька територіальна громада,Громада,
174,Чернівецька територіальна громада,Громада,
175,Ямпільська територіальна громада,Громада,
176,Яришівська територіальна громада,Громада,
32,Тульчинський район,Район,
199,Брацлавська територіальна громада,Громада,
200,Вапнярська територіальна громада,Громада,
201,Городківська територіальна громада,Громада,
202,Крижопільська територіальна громада,Громада,
203,Піщанська територіальна громада,Громада,
204,Студенянська територіальна громада,Громада,
205,Томашпільська територіальна громада,Громада,
206,Тульчинська територіальна громада,Громада,
207,Шпиківська територіальна громада,Громада,
34,Хмільницький район,Район,
208,Глуховецька територіальна громада,Громада,
209,Жданівська територіальна громада,Громада,
211,Калинівська територіальна громада,Громада,
212,м. Козятин та Козятинська територіальна громада,Громада,
213,Махнівська територіальна громада,Громада,
214,Самгородоцька територіальна громада,Громада,
215,Уланівська територіальна громада,Громада,
216,м. Хмільник та Хмільницька територіальна громада,Громада,
210,Іванівська територіальна громада,Громада,
9,Дніпропетровська область,Область,
44,Дніпровський район,Район,
332,м. Дніпро та Дніпровська територіальна громада,Громада,
333,Китайгородська територіальна громада,Громада,
334,Любимівська територіальна громада,Громада,
335,Ляшківська територіальна громада,Громада,
336,Миколаївська територіальна громада,Громада,
337,Могилівська територіальна громада,Громада,
338,Новоолександрівська територіальна громада,Громада,
339,Новопокровська територіальна громада,Громада,
340,Обухівська територіальна громада,Громада,
341,Петриківська територіальна громада,Громада,
342,Підгородненська територіальна громада,Громада,
343,Святовасилівська територіальна громада,Громада,
344,Слобожанська територіальна громада,Громада,
345,Солонянська територіальна громада,Громада,
346,Сурсько-Литовська територіальна громада,Громада,
347,Царичанська територіальна громада,Громада,
348,Чумаківська територіальна громада,Громада,
42,Кам'янський район,Район,
293,Божедарівська територіальна громада,Громада,
295,Верхньодніпровська територіальна громада,Громада,
294,Верхівцівська територіальна громада,Громада,
296,Вишнівська територіальна громада,Громада,
297,м. Вільногірськ та Вільногірська територіальна громада,Громада,
298,м. Жовті Води та Жовтоводська територіальна громада,Громада,
299,Затишнянська територіальна громада,Громада,
300,м. Кам’янське та Кам’янська територіальна громада,Громада,
301,Криничанська територіальна громада,Громада,
302,Лихівська територіальна громада,Громада,
303,П'ятихатська територіальна громада,Громада,
304,Саксаганська територіальна громада,Громада,
46,Криворізький район,Район,
271,Апостолівська територіальна громада,Громада,
272,Вакулівська територіальна громада,Громада,
273,Глеюватська територіальна громада,Громада,
274,Гречаноподівська територіальна громада,Громада,
275,Грушівська територіальна громада,Громада,
276,Девладівська територіальна громада,Громада,
277,Зеленодольська територіальна громада,Громада,
278,Карпівська територіальна громада,Громада,
279,м. Кривий Ріг та Криворізька територіальна громада,Громада,
280,Лозуватська територіальна громада,Громада,
281,Нивотрудівська територіальна громада,Громада,
282,Новолатівська територіальна громада,Громада,
283,Новопільська територіальна громада,Громада,
284,Софіївська територіальна громада,Громада,
285,Широківська територіальна громада,Громада,
47,Нікопольський район,Район,
349,м. Марганець та Марганецька територіальна громада,Громада,
350,Мирівська територіальна громада,Громада,
351,м. Нікополь та Нікопольська територіальна громада,Громада,
352,Першотравневська територіальна громада,Громада,
354,м. Покров та Покровська територіальна громада,Громада,
353,Покровська територіальна громада,Громада,
355,Томаківська територіальна громада,Громада,
356,Червоногригорівська територіальна громада,Громада,
45,Павлоградський район,Район,
286,Богданівська територіальна громада,Громада,
287,Вербківська територіальна громада,Громада,
288,Межиріцька територіальна громада,Громада,
289,м. Павлоград та Павлоградська територіальна громада,Громада,
290,м. Тернівка та Тернівська територіальна громада,Громада,
291,Троїцька територіальна громада,Громада,
292,Юр’ївська територіальна громада,Громада,
43,Самарівський район,Район,
324,Губиниська територіальна громада,Громада,
325,Личківська територіальна громада,Громада,
326,Магдалинівська територіальна громада,Громада,
328,Перещепинська територіальна громада,Громада,
329,Піщанська територіальна громада,Громада,
327,м. Самар та Самарівська територіальна громада,Громада,
330,Черкаська територіальна громада,Громада,
331,Чернеччинська територіальна громада,Громада,
48,Синельниківський район,Район,
305,Брагинівська територіальна громада,Громада,
306,Васильківська територіальна громада,Громада,
307,Великомихайлівська територіальна громада,Громада,
308,Дубовиківська територіальна громада,Громада,
309,Зайцівська територіальна громада,Громада,
311,Маломихайлівська територіальна громада,Громада,
312,Межівська територіальна громада,Громада,
313,Миколаївська територіальна громада,Громада,
314,Новопавлівська територіальна громада,Громада,
316,Петропавлівська територіальна громада,Громада,
317,Покровська територіальна громада,Громада,
318,Раївська територіальна громада,Громада,
319,Роздорська територіальна громада,Громада,
320,м. Синельникове та Синельниківська територіальна громада,Громада,
321,Славгородська територіальна громада,Громада,
322,Слов'янська територіальна громада,Громада,
323,Українська територіальна громада,Громада,
315,м. Шахтарськ та Шахтарська територіальна громада,Громада,
310,Іларіонівська територіальна громада,Громада,
28,Донецька область,Область,
54,Бахмутський район,Район,
383,Бахмутська територіальна громада,Громада,
384,Званівська територіальна громада,Громада,
385,Світлодарська територіальна громада,Громада,
387,Соледарська територіальна громада,Громада,
386,Сіверська територіальна громада,Громада,
388,Торецька територіальна громада,Громада,
389,Часовоярська територіальна громада,Громада,
55,Волноваський район,Район,
390,Великоновосілківська територіальна громада,Громада,
391,Волноваська територіальна громада,Громада,
392,Вугледарська територіальна громада,Громада,
393,Комарська територіальна громада,Громада,
394,Мирненська територіальна громада,Громада,
395,Ольгинська територіальна громада,Громада,
396,Старомлинівська територіальна громада,Громада,
397,Хлібодарівська територіальна громада,Громада,
51,Горлівський район,Район,
414,Вуглегірська міська громада,Громада,
415,м. Горлівка та Горлівська міська громада,Громада,
416,Дебальцівська міська громада,Громада,
418,Жданівська міська громада,Громада,
419,Сніжнянська міська громада,Громада,
420,Хрестівська міська громада,Громада,
421,Чистяківська міська громада,Громада,
422,Шахтарська міська громада,Громада,
417,м. Єнакієве та Єнакієвська міська громада,Громада,
53,Донецький район,Район,
403,Амвросіївська міська громада,Громада,
404,Донецька міська громада,Громада,
406,м. Макіївка та Макіївська міська громада,Громада,
407,Харцизьк міська громада,Громада,
408,Ясинуватська міська громада,Громада,
405,Іловайська міська громада,Громада,
49,Кальміуський район,Район,
409,Бойківська селищна громада,Громада,
410,Докучаєвська міська громада,Громада,
411,Кальміуська міська громада,Громада,
412,Новоазовська міська громада,Громада,
413,Старобешівська селищна громада,Громада,
50,Краматорський район,Район,
371,Андріївська територіальна громада,Громада,
372,Дружківська територіальна громада,Громада,
374,Костянтинівська територіальна громада,Громада,
375,м. Краматорськ та Краматорська територіальна громада,Громада,
376,Лиманська територіальна громада,Громада,
377,Миколаївська територіальна громада,Громада,
378,Новодонецька територіальна громада,Громада,
379,Олександрівська територіальна громада,Громада,
380,Святогірська територіальна громада,Громада,
381,м. Слов'янськ та Слов'янська територіальна громада,Громада,
382,Черкаська територіальна громада,Громада,
373,Іллінівська територіальна громада,Громада,
52,Маріупольський район,Район,
398,Кальчицька територіальна громада,Громада,
399,Мангушська територіальна громада,Громада,
400,м. Маріуполь та Маріупольська територіальна громада,Громада,
401,Нікольська територіальна громада,Громада,
402,Сартанська територіальна громада,Громада,
56,Покровський район,Район,
357,Авдіївська територіальна громада,Громада,
358,Білозерська територіальна громада,Громада,
359,Гродівська територіальна громада,Громада,
360,Добропільська територіальна громада,Громада,
361,Криворізька територіальна громада,Громада,
362,Курахівська територіальна громада,Громада,
363,Мар'їнська територіальна громада,Громада,
364,Мирноградська територіальна громада,Громада,
365,Новогродівська територіальна громада,Громада,
366,Очеретинська територіальна громада,Громада,
367,Покровська територіальна громада,Громада,
368,Селидівська територіальна громада,Громада,
369,Удачненська територіальна громада,Громада,
370,Шахівська територіальна громада,Громада,
10,Житомирська область,Область,
57,Бердичівський район,Район,
423,Андрушівська територіальна громада,Громада,
424,м. Бердичів та Бердичівська територіальна громада,Громада,
425,Вчорайшенська територіальна громада,Громада,
426,Гришковецька територіальна громада,Громада,
427,Краснопільська територіальна громада,Громада,
428,Райгородська територіальна громада,Громада,
429,Ружинська територіальна громада,Громада,
430,Семенівська територіальна громада,Громада,
431,Червоненська територіальна громада,Громада,
432,Швайківська територіальна громада,Громада,
59,Житомирський район,Район,
433,Андрушківська територіальна громада,Громада,
434,Березівська територіальна громада,Громада,
435,Брусилівська територіальна громада,Громада,
436,Високівська територіальна громада,Громада,
437,Вишевицька територіальна громада,Громада,
439,Волицька територіальна громада,Громада,
438,Вільшанська територіальна громада,Громада,
440,Глибочицька територіальна громада,Громада,
441,Городоцька територіальна громада,Громада,
442,м. Житомир та Житомирська територіальна громада,Громада,
443,Квітнева територіальна громада,Громада,
444,Корнинська територіальна громада,Громада,
445,Коростишівська територіальна громада,Громада,
446,Курненська територіальна громада,Громада,
447,Любарська територіальна громада,Громада,
448,Миропільська територіальна громада,Громада,
449,Новоборівська територіальна громада,Громада,
450,Новогуйвинська територіальна громада,Громада,
451,Оліївська територіальна громада,Громада,
452,Попільнянська територіальна громада,Громада,
453,Потіївська територіальна громада,Громада,
454,Пулинська територіальна громада,Громада,
455,Радомишльська територіальна громада,Громада,
456,Романівська територіальна громада,Громада,
457,Станишівська територіальна громада,Громада,
458,Старосілецька територіальна громада,Громада,
459,Тетерівська територіальна громада,Громада,
460,Харитонівська територіальна громада,Громада,
461,Хорошівська територіальна громада,Громада,
462,Черняхівська територіальна громада,Громада,
463,Чуднівська територіальна громада,Громада,
60,Звягельський район,Район,
464,Баранівська територіальна громада,Громада,
465,Барашівська територіальна громада,Громада,
466,Брониківська територіальна громада,Громада,
467,Городницька територіальна громада,Громада,
468,Довбиська територіальна громада,Громада,
469,Дубрівська територіальна громада,Громада,
471,м. Звягель та Звягельська територіальна громада,Громада,
472,Піщівська територіальна громада,Громада,
473,Стриївська територіальна громада,Громада,
474,Чижівська територіальна громада,Громада,
475,Ярунська територіальна громада,Громада,
470,Ємільчинська територіальна громада,Громада,
58,Коростенський район,Район,
476,Білокоровицька територіальна громада,Громада,
477,Гладковицька територіальна громада,Громада,
478,Горщиківська територіальна громада,Громада,
480,м. Коростень та Коростенська територіальна громада,Громада,
481,Лугинська територіальна громада,Громада,
482,м. Малин та Малинська територіальна громада,Громада,
483,Народицька територіальна громада,Громада,
484,Овруцька територіальна громада,Громада,
485,Олевська територіальна громада,Громада,
486,Словечанська територіальна громада,Громада,
487,Ушомирська територіальна громада,Громада,
488,Чоповицька територіальна громада,Громада,
479,Іршанська територіальна громада,Громада,
11,Закарпатська область,Область,
61,Берегівський район,Район,
503,Батівська територіальна громада,Громада,
504,м. Берегове та Берегівська територіальна громада,Громада,
505,Великоберезька територіальна громада,Громада,
506,Великобийганська територіальна громада,Громада,
507,Вилоцька територіальна громада,Громада,
508,м. Виноградів та Виноградівська територіальна громада,Громада,
509,Кам'янська територіальна громада,Громада,
510,Королівська територіальна громада,Громада,
511,Косоньська територіальна громада,Громада,
512,Пийтерфолвівська територіальна громада,Громада,
65,Мукачівський район,Район,
540,Великолучківська територіальна громада,Громада,
541,Верхньокоропецька територіальна громада,Громада,
542,Воловецька територіальна громада,Громада,
543,Горондівська територіальна громада,Громада,
544,Жденіївська територіальна громада,Громада,
546,Кольчинська територіальна громада,Громада,
547,м. Мукачево та Мукачівська територіальна громада,Громада,
548,Неліпинська територіальна громада,Громада,
549,Нижньоворітська територіальна громада,Громада,
550,Полянська територіальна громада,Громада,
551,Свалявська територіальна громада,Громада,
552,Чинадіївська територіальна громада,Громада,
545,Івановецька територіальна громада,Громада,
63,Рахівський район,Район,
536,Богданська територіальна громада,Громада,
537,Великобичківська територіальна громада,Громада,
538,м. Рахів та Рахівська територіальна громада,Громада,
539,Ясінянська територіальна громада,Громада,
64,Тячівський район,Район,
513,Бедевлянська територіальна громада,Громада,
514,Буштинська територіальна громада,Громада,
515,Вільховецька територіальна громада,Громада,
516,Дубівська територіальна громада,Громада,
517,Нересницька територіальна громада,Громада,
518,Солотвинська територіальна громада,Громада,
519,Тересвянська територіальна громада,Громада,
520,м. Тячів та Тячівська територіальна громада,Громада,
521,Углянська територіальна громада,Громада,
522,Усть-Чорнянська територіальна громада,Громада,
66,Ужгородський район,Район,
489,Баранинська територіальна громада,Громада,
490,Великоберезнянська територіальна громада,Громада,
491,Великодобронська територіальна громада,Громада,
492,Дубриницько-Малоберезня територіальна громада,Громада,
493,Костринська територіальна громада,Громада,
494,Оноківська територіальна громада,Громада,
495,Перечинська територіальна громада,Громада,
496,Середнянська територіальна громада,Громада,
497,Ставненська територіальна громада,Громада,
498,Сюртівська територіальна громада,Громада,
499,Тур'є-Реметівська територіальна громада,Громада,
500,м. Ужгород та Ужгородська територіальна громада,Громада,
501,Холмківська територіальна громада,Громада,
502,м. Чоп та Чопська територіальна громада,Громада,
62,Хустський район,Район,
523,Білківська територіальна громада,Громада,
524,Вишківська територіальна громада,Громада,
525,Горінчівська територіальна громада,Громада,
526,Довжанська територіальна громада,Громада,
527,Драгівська територіальна громада,Громада,
528,Зарічанська територіальна громада,Громада,
530,Керецьківська територіальна громада,Громада,
531,Колочавська територіальна громада,Громада,
532,м. Міжгір'я та Міжгірська територіальна громада,Громада,
533,Пилипецька територіальна громада,Громада,
534,Синевирська територіальна громада,Громада,
535,м. Хуст та Хустська територіальна громада,Громада,
529,м. Іршава та Іршавська територіальна громада,Громада,
12,Запорізька область,Область,
147,Бердянський район,Район,
553,Андрівська територіальна громада,Громада,
554,Андріївська територіальна громада,Громада,
555,м. Бердянськ та Бердянська територіальна громада,Громада,
556,Берестівська територіальна громада,Громада,
557,Коларівська територіальна громада,Громада,
558,Осипенківська територіальна громада,Громада,
559,Приморська територіальна громада,Громада,
560,Чернігівська територіальна громада,Громада,
146,Василівський район,Район,
593,Благовіщенська територіальна громада,Громада,
594,Василівська територіальна громада,Громада,
595,Великобілозерська територіальна громада,Громада,
596,Водянська територіальна громада,Громада,
597,Дніпрорудненська територіальна громада,Громада,
598,м. Енергодар та Енергодарська територіальна громада,Громада,
599,Кам'янсько-Дніпровська територіальна громада,Громада,
600,Малобілозерська територіальна громада,Громада,
601,Михайлівська територіальна громада,Громада,
602,Роздольська територіальна громада,Громада,
603,Степногірська територіальна громада,Громада,
149,Запорізький район,Район,
561,Біленьківська територіальна громада,Громада,
562,Вільнянська територіальна громада,Громада,
563,Долинська територіальна громада,Громада,
564,м. Запоріжжя та Запорізька територіальна громада,Громада,Тривоги в місті оголошуються окремо від області чи району
565,Комишуваська територіальна громада,Громада,
566,Кушугумська територіальна громада,Громада,
567,Матвіївська територіальна громада,Громада,
569,Михайло-Лукашівська територіальна громада,Громада,
568,Михайлівська територіальна громада,Громада,
570,Новомиколаївська територіальна громада,Громада,
571,Новоолександрівська територіальна громада,Громада,
572,Павлівська територіальна громада,Громада,
573,Петро-Михайлівська територіальна громада,Громада,
574,Степненська територіальна громада,Громада,
575,Таврійська територіальна громада,Громада,
576,Тернуватська територіальна громада,Громада,
577,Широківська територіальна громада,Громада,
148,Мелітопольський район,Район,
604,Веселівська територіальна громада,Громада,
605,Кирилівська територіальна громада,Громада,
606,Костянтинівська територіальна громада,Громада,
607,м. Мелітополь та Мелітопольська територіальна громада,Громада,
608,Мирненська територіальна громада,Громада,
609,Новенська територіальна громада,Громада,
610,Новобогданівська територіальна громада,Громада,
611,Нововасилівська територіальна громада,Громада,
612,Новоуспенівська територіальна громада,Громада,
613,Олександрівська територіальна громада,Громада,
614,Плодородненська територіальна громада,Громада,
615,Приазовська територіальна громада,Громада,
616,Семенівська територіальна громада,Громада,
617,Терпіннівська територіальна громада,Громада,
618,Чкаловська територіальна громада,Громада,
619,Якимівська територіальна громада,Громада,
145,Пологівський район,Район,
578,Більмацька територіальна громада,Громада,
579,Воздвижівська територіальна громада,Громада,
580,Воскресенська територіальна громада,Громада,
581,Гуляйпільська територіальна громада,Громада,
582,Комиш-Зорянська територіальна громада,Громада,
583,Малинівська територіальна громада,Громада,
584,Малотокмачанська територіальна громада,Громада,
585,Молочанська територіальна громада,Громада,
586,Оріхівська територіальна громада,Громада,
587,Пологівська територіальна громада,Громада,
588,Преображенська територіальна громада,Громада,
589,Розівська територіальна громада,Громада,
590,Смирновська територіальна громада,Громада,
591,м. Токмак та Токмацька територіальна громада,Громада,
592,Федорівська територіальна громада,Громада,
14,Київська область,Область,
78,Бориспільський район,Район,
733,м. Бориспіль та Бориспільська територіальна громада,Громада,
734,Вороньківська територіальна громада,Громада,
735,Гірська територіальна громада,Громада,
736,Дівичківська територіальна громада,Громада,
737,Золочівська територіальна громада,Громада,
738,м. Переяслав та Переяславська територіальна громада,Громада,
739,Пристолична територіальна громада,Громада,
740,Студениківська територіальна громада,Громада,
741,Ташанська територіальна громада,Громада,
742,Циблівська територіальна громада,Громада,
743,Яготинська територіальна громада,Громада,
79,Броварський район,Район,
682,Баришівська територіальна громада,Громада,
683,м. Березань та Березанська територіальна громада,Громада,
684,м. Бровари та Броварська територіальна громада,Громада,
685,Великодимерська територіальна громада,Громада,
686,Зазимська територіальна громада,Громада,
687,Згурівська територіальна громада,Громада,
688,Калинівська територіальна громада,Громада,
689,Калитянська територіальна громада,Громада,
75,Бучанський район,Район,
700,Бородянська територіальна громада,Громада,
701,Борщагівська територіальна громада,Громада,
702,м. Буча та Бучанська територіальна громада,Громада,
699,Білогородська територіальна громада,Громада,
703,Вишнева територіальна громада,Громада,
704,Гостомелська територіальна громада,Громада,
705,Дмитрівська територіальна громада,Громада,
707,Коцюбинська територіальна громада,Громада,
708,Макарівська територіальна громада,Громада,
709,Немішаївська територіальна громада,Громада,
710,Пісківська територіальна громада,Громада,
706,м. Ірпінь та Ірпінська територіальна громада,Громада,
73,Білоцерківський район,Район,
711,м. Біла Церква та Білоцерківська територіальна громада,Громада,
712,Володарська територіальна громада,Громада,
713,Гребінківська територіальна громада,Громада,
714,Ковалівська територіальна громада,Громада,
715,Маловільшанська територіальна громада,Громада,
716,Медвинська територіальна громада,Громада,
717,Рокитнянська територіальна громада,Громада,
718,Сквирська територіальна громада,Громада,
719,Ставищенська територіальна громада,Громада,
720,Таращанська територіальна громада,Громада,
721,Тетіївська територіальна громада,Громада,
722,Узинська територіальна громада,Громада,
723,Фурсівська територіальна громада,Громада,
74,Вишгородський район,Район,
744,Вишгородська територіальна громада,Громада,
745,Димерська територіальна громада,Громада,
747,Петрівська територіальна громада,Громада,
749,Поліська територіальна громада,Громада,
748,Пірнівська територіальна громада,Громада,
750,м. Славутич та Славутицька територіальна громада,Громада,
746,Іванківська територіальна громада,Громада,
76,Обухівський район,Район,
724,Богуславська територіальна громада,Громада,
725,м. Васильків та Васильківська територіальна громада,Громада,
726,Кагарлицька територіальна громада,Громада,
727,Козинська територіальна громада,Громада,
728,Миронівська територіальна громада,Громада,
729,м. Обухів та Обухівська територіальна громада,Громада,
730,м. Ржищів та Ржищівська територіальна громада,Громада,
731,Українська територіальна громада,Громада,
732,Феодосіївська територіальна громада,Громада,
77,Фастівський район,Район,
690,Бишівська територіальна громада,Громада,
691,Боярська територіальна громада,Громада,
692,Гатненська територіальна громада,Громада,
693,Глевахівська територіальна громада,Громада,
694,Калинівська територіальна громада,Громада,
695,Кожанська територіальна громада,Громада,
696,Томашівська територіальна громада,Громада,
697,м. Фастів та Фастівська територіальна громада,Громада,
698,Чабанівська територіальна громада,Громада,
15,Кіровоградська область,Область,
82,Голованівський район,Район,
768,Благовіщенська територіальна громада,Громада,
769,Вільшанська територіальна громада,Громада,
770,Гайворонська територіальна громада,Громада,
771,Голованівська територіальна громада,Громада,
772,Заваллівська територіальна громада,Громада,
773,Надлацька територіальна громада,Громада,
774,Новоархангельська територіальна громада,Громада,
775,Перегонівська територіальна громада,Громада,
777,Побузька територіальна громада,Громада,
776,Підвисоцька територіальна громада,Громада,
81,Кропивницький район,Район,
751,Аджамська територіальна громада,Громада,
752,Бобринецька територіальна громада,Громада,
753,Великосеверинівська територіальна громада,Громада,
754,Гурівська територіальна громада,Громада,
755,Дмитрівська територіальна громада,Громада,
756,Долинська територіальна громада,Громада,
757,м. Знам'янка та Знам’янська територіальна громада,Громада,
758,Катеринівська територіальна громада,Громада,
759,Кетрисанівська територіальна громада,Громада,
760,Компаніївська територіальна громада,Громада,
761,м. Кропивницький та Кропивницька територіальна громада,Громада,
762,Новгородківська територіальна громада,Громада,
763,Олександрівська територіальна громада,Громада,
764,Первозванівська територіальна громада,Громада,
765,Соколівська територіальна громада,Громада,
766,Суботцівська територіальна громада,Громада,
767,Устинівська територіальна громада,Громада,
83,Новоукраїнський район,Район,
787,Ганнівська територіальна громада,Громада,
788,Глодоська територіальна громада,Громада,
789,Добровеличківська територіальна громада,Громада,
790,Злинська територіальна громада,Громада,
791,Маловисківська територіальна громада,Громада,
792,Мар’янівська територіальна громада,Громада,
793,Новомиргородська територіальна громада,Громада,
794,Новоукраїнська територіальна громада,Громада,
796,Помічнянська територіальна громада,Громада,
795,Піщанобрідська територіальна громада,Громада,
797,Рівнянська територіальна громада,Громада,
798,Смолінська територіальна громада,Громада,
799,Тишківська територіальна громада,Громада,
80,Олександрійський район,Район,
778,Великоандрусівська територіальна громада,Громада,
779,Новопразька територіальна громада,Громада,
780,м. Олександрія та Олександрійська територіальна громада,Громада,
781,Онуфріївська територіальна громада,Громада,
782,Пантаївська територіальна громада,Громада,
783,Петрівська територіальна громада,Громада,
784,Попельнастівська територіальна громада,Громада,
785,Приютівська територіальна громада,Громада,
786,м. Світловодськ та Світловодська територіальна громада,Громада,
16,Луганська область,Область,
1803,Алчевський район,Район,
1903,м. Алчевськ та Алчевська територіальна громада,Громада,
1911,м. Зимогір'я та Зимогір'ївська територіальна громада,Громада,
1909,м. Кадіївка та Кадіївська територіальна громада,Громада,
1804,Довжанський район,Район,
1908,м. Довжанськ та Довжанська територіальна громада,Громада,
1905,м. Сорокине та Сорокинська територіальна громада,Громада,
1801,Луганський район,Район,
1901,м. Луганськ та Луганська територіальна громада,Громада,
1910,м. Лутугине та Лутугинська територіальна громада,Громада,
1904,м. Молодогвардійськ та Молодогвардійська територіальна громада,Громада,
1802,Ровеньківський район,Район,
1902,м. Антрацит та Антрацитівська територіальна громада,Громада,
1907,м. Ровеньки та Ровеньківська територіальна громада,Громада,
1906,м. Хрустальний та Хрустальненська територіальна громада,Громада,
85,Сватівський район,Район,
808,Білокуракинська територіальна громада,Громада,
809,Коломийчиська територіальна громада,Громада,
810,Красноріченська територіальна громада,Громада,
811,Лозно-Олександрівська територіальна громада,Громада,
812,Нижньодуванська територіальна громада,Громада,
813,Сватівська територіальна громада,Громада,
814,Троїцька територіальна громада,Громада,
86,Старобільський район,Район,
800,Біловодська територіальна громада,Громада,
801,Білолуцька територіальна громада,Громада,
802,Марківська територіальна громада,Громада,
803,Міловська територіальна громада,Громада,
804,Новопсковська територіальна громада,Громада,
805,Старобільська територіальна громада,Громада,
806,Чмирівська територіальна громада,Громада,
807,Шульгинська територіальна громада,Громада,
84,Сіверськодонецький район,Район,
815,Гірська територіальна громада,Громада,
816,м. Кремінна та Кремінська територіальна громада,Громада,
817,м. Лисичанськ та Лисичанська територіальна громада,Громада,
818,Попаснянська територіальна громада,Громада,
819,м. Рубіжне та Рубіжанська територіальна громада,Громада,
820,м. Сіверськодонецьк та Сіверськодонецька територіальна громада,Громада,
87,Щастинський район,Район,
821,Нижньотеплівська територіальна громада,Громада,
822,Новоайдарська територіальна громада,Громада,
823,Станично-Луганська територіальна громада,Громада,
824,Широківська територіальна громада,Громада,
825,Щастинська територіальна громада,Громада,
27,Львівська область,Область,
91,Дрогобицький район,Район,
867,м. Борислав та Бориславська територіальна громада,Громада,
868,м. Дрогобич та Дрогобицька територіальна громада,Громада,
869,Меденицька територіальна громада,Громада,
870,Східницька територіальна громада,Громада,
871,м. Трускавець та Трускавецька територіальна громада,Громада,
94,Золочівський район,Район,
872,Бродівська територіальна громада,Громада,
873,Буська територіальна громада,Громада,
874,Заболотцівська територіальна громада,Громада,
875,Золочівська територіальна громада,Громада,
876,Красненська територіальна громада,Громада,
878,Поморянська територіальна громада,Громада,
877,Підкамінська територіальна громада,Громада,
90,Львівський район,Район,
833,Бібрська територіальна громада,Громада,
834,Великолюбінська територіальна громада,Громада,
835,Глинянська територіальна громада,Громада,
836,Городоцька територіальна громада,Громада,
837,Давидівська територіальна громада,Громада,
838,Добросинсько-Магерівська територіальна громада,Громада,
839,Жовківська територіальна громада,Громада,
840,Жовтанецька територіальна громада,Громада,
841,Зимноводівська територіальна громада,Громада,
842,Кам’янка-Бузька територіальна громада,Громада,
843,Комарнівська територіальна громада,Громада,
844,Куликівська територіальна громада,Громада,
845,м. Львів та Львівська територіальна громада,Громада,
846,Мурованська територіальна громада,Громада,
847,Новояричівська територіальна громада,Громада,
848,Оброшинська територіальна громада,Громада,
849,Перемишлянська територіальна громада,Громада,
851,Пустомитівська територіальна громада,Громада,
850,Підберізцівська територіальна громада,Громада,
852,Рава-Руська територіальна громада,Громада,
853,Сокільницька територіальна громада,Громада,
854,Солонківська територіальна громада,Громада,
855,Щирецька територіальна громада,Громада,
88,Самбірський район,Район,
857,Боринська територіальна громада,Громада,
856,Бісковицька територіальна громада,Громада,
858,Добромильська територіальна громада,Громада,
859,Новокалинівська територіальна громада,Громада,
860,Ралівська територіальна громада,Громада,
861,Рудківська територіальна громада,Громада,
862,м. Самбір та Самбірська територіальна громада,Громада,
863,Старосамбірська територіальна громада,Громада,
864,Стрілківська територіальна громада,Громада,
865,Турківська територіальна громада,Громада,
866,Хирівська територіальна громада,Громада,
89,Стрийський район,Район,
879,Гніздичівська територіальна громада,Громада,
880,Грабовецько-Дулібівська територіальна громада,Громада,
881,Жидачівська територіальна громада,Громада,
882,Журавненська територіальна громада,Громада,
883,Козівська територіальна громада,Громада,
884,Миколаївська територіальна громада,Громада,
885,м. Моршин та Моршинська територіальна громада,Громада,
886,м. Новий Розділ та Новороздільська територіальна громада,Громада,
887,Розвадівська територіальна громада,Громада,
888,Сколівська територіальна громада,Громада,
889,Славська територіальна громада,Громада,
890,м. Стрий та Стрийська територіальна громада,Громада,
891,Тростянецька територіальна громада,Громада,
892,Ходорівська територіальна громада,Громада,
92,Шептицький район,Район,
826,Белзька територіальна громада,Громада,
827,Великомостівська територіальна громада,Громада,
828,Добротвірська територіальна громада,Громада,
829,Лопатинська територіальна громада,Громада,
830,Радехівська територіальна громада,Громада,
831,Сокальська територіальна громада,Громада,
832,м. Шептицький та Шептицька територіальна громада,Громада,
93,Яворівський район,Район,
894,Мостиська територіальна громада,Громада,
895,Новояворівськ територіальна громада,Громада,
896,Судововишнянська територіальна громада,Громада,
897,Шегинівська територіальна громада,Громада,
898,Яворівська територіальна громада,Громада,
893,Івано-Франківська територіальна громада,Громада,
17,Миколаївська область,Область,
96,Баштанський район,Район,
907,м. Баштанка та Баштанська територіальна громада,Громада,
908,Березнегуватська територіальна громада,Громада,
910,Володимирівська територіальна громада,Громада,
909,Вільнозапорізька територіальна громада,Громада,
911,Горохівська територіальна громада,Громада,
913,Казанківська територіальна громада,Громада,
914,Новобузька територіальна громада,Громада,
915,Привільненська територіальна громада,Громада,
916,м. Снігурівка та Снігурівська територіальна громада,Громада,
917,Софіївська територіальна громада,Громада,
918,Широківська територіальна громада,Громада,
912,Інгульська територіальна громада,Громада,
95,Вознесенський район,Район,
938,Братська територіальна громада,Громада,
939,Бузька територіальна громада,Громада,
940,Веселинівська територіальна громада,Громада,
941,м. Вознесенськ та Вознесенська територіальна громада,Громада,
942,Доманівська територіальна громада,Громада,
943,Дорошівська територіальна громада,Громада,
945,Мостівська територіальна громада,Громада,
946,Новомар'ївська територіальна громада,Громада,
947,Олександрівська територіальна громада,Громада,
948,Прибужанівська територіальна громада,Громада,
949,Прибузька територіальна громада,Громада,
950,м. Южноукраїнськ та Южноукраїнська територіальна громада,Громада,
944,Єланецька територіальна громада,Громада,
98,Миколаївський район,Район,
919,Березанська територіальна громада,Громада,
920,Веснянська територіальна громада,Громада,
921,Воскресенська територіальна громада,Громада,
922,Галицинівська територіальна громада,Громада,
923,Коблівська територіальна громада,Громада,
924,Костянтинівська територіальна громада,Громада,
925,Куцурубська територіальна громада,Громада,
926,м. Миколаїв та Миколаївська територіальна громада,Громада,
927,Мішково-Погорілівська територіальна громада,Громада,
928,Нечаянська територіальна громада,Громада,
929,м. Нова-Одеса та Новоодеська територіальна громада,Громада,
930,Ольшанська територіальна громада,Громада,
931,м. Очаків та Очаківська територіальна громада,Громада,
932,Первомайська територіальна громада,Громада,
933,Радсадівська територіальна громада,Громада,
934,Степівська територіальна громада,Громада,
935,Сухоєланецька територіальна громада,Громада,
936,Чорноморська територіальна громада,Громада,
937,Шевченківська територіальна громада,Громада,
97,Первомайський район,Район,
899,Арбузинська територіальна громада,Громада,
900,Благодатненська територіальна громада,Громада,
901,Врадіївська територіальна громада,Громада,
902,Кам'яномостівська територіальна громада,Громада,
903,Кривоозерська територіальна громада,Громада,
904,Мигіївська територіальна громада,Громада,
905,м. Первомайськ та Первомайська територіальна громада,Громада,
906,Синюхинобрідська територіальна громада,Громада,
18,Одеська область,Область,
100,Березівський район,Район,
985,Андрієво-Іванівська територіальна громада,Громада,
986,Березівська територіальна громада,Громада,
987,Великобуялицька територіальна громада,Громада,
988,Знам’янська територіальна громада,Громада,
990,Коноплянська територіальна громада,Громада,
991,Курісовська територіальна громада,Громада,
992,Миколаївська територіальна громада,Громада,
993,Новокальчевська територіальна громада,Громада,
994,Петровірівська територіальна громада,Громада,
995,Раухівська територіальна громада,Громада,
996,Розквітівська територіальна громада,Громада,
997,Старомаяківська територіальна громада,Громада,
998,Стрюківська територіальна громада,Громада,
999,Чогодарівська територіальна громада,Громада,
1000,Ширяївська територіальна громада,Громада,
989,Іванівська територіальна громада,Громада,
105,Болградський район,Район,
1001,Арцизька територіальна громада,Громада,
1002,Болградська територіальна громада,Громада,
1003,Бородінська територіальна громада,Громада,
1004,Василівська територіальна громада,Громада,
1005,Городненська територіальна громада,Громада,
1006,Криниченська територіальна громада,Громада,
1007,Кубейська територіальна громада,Громада,
1008,Павлівська територіальна громада,Громада,
1009,Тарутинська територіальна громада,Громада,
1010,Теплицька територіальна громада,Громада,
102,Білгород-Дністровський район,Район,
1011,м. Білгород-Дністровський та Білгород-Дністровська територіальна громада,Громада,
1012,Дивізійська територіальна громада,Громада,
1013,Кароліно-Бугазька територіальна громада,Громада,
1014,Кулевчанська територіальна громада,Громада,
1015,Лиманська територіальна громада,Громада,
1016,Маразліївська територіальна громада,Громада,
1017,Мологівська територіальна громада,Громада,
1018,Петропавлівська територіальна громада,Громада,
1019,Плахтіївська територіальна громада,Громада,
1020,Саратська територіальна громада,Громада,
1021,Сергіївська територіальна громада,Громада,
1022,Старокозацька територіальна громада,Громада,
1023,Татарбунарська територіальна громада,Громада,
1024,Тузлівська територіальна громада,Громада,
1025,Успенівська територіальна громада,Громада,
1026,Шабівська територіальна громада,Громада,
104,Одеський район,Район,
951,Авангардівська територіальна громада,Громада,
952,Біляївська територіальна громада,Громада,
953,Великодальницька територіальна громада,Громада,
954,Великодолинська територіальна громада,Громада,
955,Вигодянська територіальна громада,Громада,
956,Визирська територіальна громада,Громада,
957,Дальницька територіальна громада,Громада,
958,Дачненська територіальна громада,Громада,
959,Доброславська територіальна громада,Громада,
960,Красносільська територіальна громада,Громада,
961,Маяківська територіальна громада,Громада,
962,Нерубайська територіальна громада,Громада,
963,Овідіопольська територіальна громада,Громада,
964,м. Одеса та Одеська територіальна громада,Громада,
971,м. Південне та Південна територіальна громада,Громада,
965,Таїровська територіальна громада,Громада,
966,Теплодарська територіальна громада,Громада,
967,Усатівська територіальна громада,Громада,
968,Фонтанська територіальна громада,Громада,
969,м. Чорноморськ та Чорноморська територіальна громада,Громада,
970,Чорноморська територіальна громада,Громада,
972,Яськівська територіальна громада,Громада,
99,Подільський район,Район,
973,Ананьївська територіальна громада,Громада,
974,Балтська територіальна громада,Громада,
975,Долинська територіальна громада,Громада,
976,Зеленогірська територіальна громада,Громада,
977,Кодимська територіальна громада,Громада,
978,Куяльницька територіальна громада,Громада,
979,Любашівська територіальна громада,Громада,
980,Окнянська територіальна громада,Громада,
982,Подільська територіальна громада,Громада,
981,Піщанська територіальна громада,Громада,
983,Савранська територіальна громада,Громада,
984,Слобідська територіальна громада,Громада,
103,Роздільнянський район,Район,
1027,Великомихайлівська територіальна громада,Громада,
1028,Великоплосківська територіальна громада,Громада,
1029,Затишанська територіальна громада,Громада,
1030,Захарівська територіальна громада,Громада,
1031,Лиманська територіальна громада,Громада,
1032,Новоборисівська територіальна громада,Громада,
1033,Роздільнянська територіальна громада,Громада,
1034,Степанівська територіальна громада,Громада,
1035,Цебриківська територіальна громада,Громада,
101,Ізмаїльський район,Район,
1036,Вилківська територіальна громада,Громада,
1038,Кілійська територіальна громада,Громада,
1039,Ренійська територіальна громада,Громада,
1040,Саф'янівська територіальна громада,Громада,
1041,Суворовська територіальна громада,Громада,
1037,м. Ізмаїл та Ізмаїльська територіальна громада,Громада,
19,Полтавська область,Область,
107,Кременчуцький район,Район,
1083,Глобинська територіальна громада,Громада,
1084,м. Горішні плавні та Горішньоплавнівська територіальна громада,Громада,
1085,Градизька територіальна громада,Громада,
1086,Кам'янопотоківська територіальна громада,Громада,
1087,Козельщинська територіальна громада,Громада,
1088,м. Кременчук та Кременчуцька територіальна громада,Громада,
1089,Новогалещинська територіальна громада,Громада,
1090,Оболонська територіальна громада,Громада,
1091,Омельницька територіальна громада,Громада,
1093,Пришибська територіальна громада,Громада,
1092,Піщанська територіальна громада,Громада,
1094,Семенівська територіальна громада,Громада,
106,Лубенський район,Район,
1095,Гребінківська територіальна громада,Громада,
1096,м. Лубни та Лубенська територіальна громада,Громада,
1097,Новооржицька територіальна громада,Громада,
1098,Оржицька територіальна громада,Громада,
1099,м. Пирятин та Пирятинська територіальна громада,Громада,
1100,Хорольська територіальна громада,Громада,
1101,Чорнухинська територіальна громада,Громада,
108,Миргородський район,Район,
1066,Білоцерківська територіальна громада,Громада,
1067,Великобагачанська територіальна громада,Громада,
1068,Великобудищанська територіальна громада,Громада,
1069,Великосорочинська територіальна громада,Громада,
1070,Гадяцька територіальна громада,Громада,
1071,Гоголівська територіальна громада,Громада,
1072,Заводська територіальна громада,Громада,
1073,Комишнянська територіальна громада,Громада,
1074,Краснолуцька територіальна громада,Громада,
1075,м. Лохвиця та Лохвицька територіальна громада,Громада,
1076,Лютенська територіальна громада,Громада,
1077,м. Миргород та Миргородська територіальна громада,Громада,
1078,Петрівсько-Роменська територіальна громада,Громада,
1079,Ромоданівська територіальна громада,Громада,
1080,Сенчанська територіальна громада,Громада,
1081,Сергіївська територіальна громада,Громада,
1082,Шишацька територіальна громада,Громада,
109,Полтавський район,Район,
1042,Білицька територіальна громада,Громада,
1043,Великорублівська територіальна громада,Громада,
1044,Диканьська територіальна громада,Громада,
1045,Драбинівська територіальна громада,Громада,
1046,Зіньківська територіальна громада,Громада,
1047,Карлівська територіальна громада,Громада,
1048,Кобеляцька територіальна громада,Громада,
1049,Коломацька територіальна громада,Громада,
1050,Котелевська територіальна громада,Громада,
1051,Ланнівська територіальна громада,Громада,
1052,Мартинівська територіальна громада,Громада,
1053,Мачухівська територіальна громада,Громада,
1054,Машівська територіальна громада,Громада,
1055,Михайлівська територіальна громада,Громада,
1056,Нехворощанська територіальна громада,Громада,
1057,Новосанжарська територіальна громада,Громада,
1058,Новоселівська територіальна громада,Громада,
1059,Опішнянська територіальна громада,Громада,
1060,м. Полтава та Полтавська територіальна громада,Громада,
1061,Решетилівська територіальна громада,Громада,
1062,Скороходівська територіальна громада,Громада,
1063,Терешківська територіальна громада,Громада,
1064,Чутівська територіальна громада,Громада,
1065,Щербанівська територіальна громада,Громада,
5,Рівненська область,Область,
110,Вараський район,Район,
1102,Антонівська територіальна громада,Громада,
1103,м. Вараш та Вараська територіальна громада,Громада,
1104,Володимирецька територіальна громада,Громада,
1105,Зарічненська територіальна громада,Громада,
1106,Каноницька територіальна громада,Громада,
1107,Локницька територіальна громада,Громада,
1108,Полицька територіальна громада,Громада,
1109,Рафалівська територіальна громада,Громада,
111,Дубенський район,Район,
1147,Бокіймівська територіальна громада,Громада,
1148,Боремельська територіальна громада,Громада,
1149,Варковицька територіальна громада,Громада,
1150,Вербська територіальна громада,Громада,
1151,Демидівська територіальна громада,Громада,
1152,м. Дубно та Дубенська територіальна громада,Громада,
1153,Козинська територіальна громада,Громада,
1154,Крупецька територіальна громада,Громада,
1155,Мирогощанська територіальна громада,Громада,
1156,Млинівська територіальна громада,Громада,
1157,Острожецька територіальна громада,Громада,
1159,Повчанська територіальна громада,Громада,
1160,Привільненська територіальна громада,Громада,
1158,Підлозцівська територіальна громада,Громада,
1161,Радивилівська територіальна громада,Громада,
1162,Семидубська територіальна громада,Громада,
1163,Смизька територіальна громада,Громада,
1164,Тараканівська територіальна громада,Громада,
1165,Ярославицька територіальна громада,Громада,
112,Рівненський район,Район,
1110,Бабинська територіальна громада,Громада,
1111,Березнівська територіальна громада,Громада,
1113,Бугринська територіальна громада,Громада,
1112,Білокриницька територіальна громада,Громада,
1114,Великомежиріцька територіальна громада,Громада,
1115,Великоомелянська територіальна громада,Громада,
1116,Головинська територіальна громада,Громада,
1117,Городоцька територіальна громада,Громада,
1118,Гощанська територіальна громада,Громада,
1119,Деражненська територіальна громада,Громада,
1120,Дядьковицька територіальна громада,Громада,
1121,Здовбицька територіальна громада,Громада,
1122,Здолбунівська територіальна громада,Громада,
1123,Зорянська територіальна громада,Громада,
1124,Клеванська територіальна громада,Громада,
1125,Корецька територіальна громада,Громада,
1126,Корнинська територіальна громада,Громада,
1127,Костопільська територіальна громада,Громада,
1128,Малинська територіальна громада,Громада,
1129,Малолюбашанська територіальна громада,Громада,
1130,Мізоцька територіальна громада,Громада,
1131,Олександрійська територіальна громада,Громада,
1132,м. Острог та Острозька територіальна громада,Громада,
1133,м. Рівне та Рівненська територіальна громада,Громада,
1134,Соснівська територіальна громада,Громада,
1135,Шпанівська територіальна громада,Громада,
113,Сарненський район,Район,
1136,Березівська територіальна громада,Громада,
1137,Вирівська територіальна громада,Громада,
1138,Висоцька територіальна громада,Громада,
1139,Дубровицька територіальна громада,Громада,
1140,Клесівська територіальна громада,Громада,
1141,Миляцька територіальна громада,Громада,
1142,Немовицька територіальна громада,Громада,
1143,Рокитнівська територіальна громада,Громада,
1144,м. Сарни та Сарненська територіальна громада,Громада,
1145,Старосільська територіальна громада,Громада,
1146,Степанська територіальна громада,Громада,
20,Сумська область,Область,
117,Конотопський район,Район,
1209,Бочечківська територіальна громада,Громада,
1210,м. Буринь та Буринська територіальна громада,Громада,
1211,Дубов’язівська територіальна громада,Громада,
1212,м. Конотоп та Конотопська територіальна громада,Громада,
1213,м. Кролевець та Кролевецька територіальна громада,Громада,
1214,Новослобідська територіальна громада,Громада,
1215,Попівська територіальна громада,Громада,
1216,м. Путивль та Путивльська територіальна громада,Громада,
118,Охтирський район,Район,
1200,Боромлянська територіальна громада,Громада,
1201,м. Велика Писарівка та Великописарівська територіальна громада,Громада,
1202,Грунська територіальна громада,Громада,
1203,Кириківська територіальна громада,Громада,
1204,Комишанська територіальна громада,Громада,
1205,м. Охтирка та Охтирська територіальна громада,Громада,
1206,м. Тростянець та Тростянецька територіальна громада,Громада,
1207,Чернеччинська територіальна громада,Громада,
1208,Чупахівська територіальна громада,Громада,
116,Роменський район,Район,
1166,Андріяшівська територіальна громада,Громада,
1167,Вільшанська територіальна громада,Громада,
1168,Коровинська територіальна громада,Громада,
1169,м. Липова Долина та Липоводолинська територіальна громада,Громада,
1170,м. Недригайлів та Недригайлівська територіальна громада,Громада,
1171,м. Ромни та Роменська територіальна громада,Громада,
1172,Синівська територіальна громада,Громада,
1173,Хмелівська територіальна громада,Громада,
114,Сумський район,Район,
1174,Бездрицька територіальна громада,Громада,
1175,м. Білопілля та Білопільська територіальна громада,Громада,
1176,Верхньосироватська територіальна громада,Громада,
1177,Ворожбянська територіальна громада,Громада,
1178,м. Краснопілля та Краснопільська територіальна громада,Громада,
1179,м. Лебедин та Лебединська територіальна громада,Громада,
1181,Миколаївська територіальна громада,Громада,
1180,Миколаївська територіальна громада,Громада,
1182,Миропільська територіальна громада,Громада,
1183,Нижньосироватська територіальна громада,Громада,
1184,Річківська територіальна громада,Громада,
1185,Садівська територіальна громада,Громада,
1186,Степанівська територіальна громада,Громада,
1187,м. Суми та Сумська територіальна громада,Громада,
1188,Хотінська територіальна громада,Громада,
1189,Юнаківська територіальна громада,Громада,
115,Шосткинський район,Район,
1190,Березівська територіальна громада,Громада,
1191,м. Глухів та Глухівська територіальна громада,Громада,
1192,Дружбівська територіальна громада,Громада,
1193,Есманьська територіальна громада,Громада,
1194,Зноб-Новгородська територіальна громада,Громада,
1195,Свеська територіальна громада,Громада,
1196,м. Середина-Буда та Середино-Будська територіальна громада,Громада,
1197,Шалигинська територіальна громада,Громада,
1198,м. Шостка та Шосткинська територіальна громада,Громада,
1199,м. Ямпіль та Ямпільська територіальна громада,Громада,
21,Тернопільська область,Область,
120,Кременецький район,Район,
1264,Борсуківська територіальна громада,Громада,
1265,Великодедеркальська територіальна громада,Громада,
1266,Вишнівецька територіальна громада,Громада,
1267,м. Кременець та Кременецька територіальна громада,Громада,
1268,Лановецька територіальна громада,Громада,
1269,Лопушненська територіальна громада,Громада,
1270,Почаївська територіальна громада,Громада,
1271,Шумська територіальна громада,Громада,
119,Тернопільський район,Район,
1217,Байковецька територіальна громада,Громада,
1218,м. Бережани та Бережанська територіальна громада,Громада,
1219,Білецька територіальна громада,Громада,
1220,Великоберезовицька територіальна громада,Громада,
1221,Великобірківська територіальна громада,Громада,
1222,Великогаївська територіальна громада,Громада,
1223,Залозецька територіальна громада,Громада,
1224,Збаразька територіальна громада,Громада,
1225,Зборівська територіальна громада,Громада,
1226,Золотниківська територіальна громада,Громада,
1229,Козлівська територіальна громада,Громада,
1228,Козівська територіальна громада,Громада,
1230,Купчинецька територіальна громада,Громада,
1231,Микулинецька територіальна громада,Громада,
1232,Нараївська територіальна громада,Громада,
1233,Озернянська територіальна громада,Громада,
1234,Підволочиська територіальна громада,Громада,
1235,Підгаєцька територіальна громада,Громада,
1236,Підгороднянська територіальна громада,Громада,
1237,Саранчуківська територіальна громада,Громада,
1238,Скалатська територіальна громада,Громада,
1239,Скориківська територіальна громада,Громада,
1240,Теребовлянська територіальна громада,Громада,
1241,м. Тернопіль та Тернопільська територіальна громада,Громада,
1227,Іванівська територіальна громада,Громада,
121,Чортківський район,Район,
1244,Борщівська територіальна громада,Громада,
1245,Бучацька територіальна громада,Громада,
1242,Білобожницька територіальна громада,Громада,
1243,Більче-Золотецька територіальна громада,Громада,
1246,Васильковецька територіальна громада,Громада,
1247,Гримайлівська територіальна громада,Громада,
1248,Гусятинська територіальна громада,Громада,
1249,Заводська територіальна громада,Громада,
1250,Заліщицька територіальна громада,Громада,
1251,Золотопотіцька територіальна громада,Громада,
1253,Колиндянська територіальна громада,Громада,
1254,Копичинецька територіальна громада,Громада,
1255,Коропецька територіальна громада,Громада,
1256,Мельнице-Подільська територіальна громада,Громада,
1257,Монастириська територіальна громада,Громада,
1258,Нагірянська територіальна громада,Громада,
1259,Скала-Подільська територіальна громада,Громада,
1260,Товстенська територіальна громада,Громада,
1261,Трибухівська територіальна громада,Громада,
1262,Хоростківська територіальна громада,Громада,
1263,м. Чортків та Чортківська територіальна громада,Громада,
1252,Іване-Пустенська територіальна громада,Громада,
22,Харківська область,Область,
127,Берестинський район,Район,
1324,Берестинська територіальна громада,Громада,
1322,Зачепилівська територіальна громада,Громада,
1323,Кегичівська територіальна громада,Громада,
1325,Наталинська територіальна громада,Громада,
1326,Сахновщинська територіальна громада,Громада,
1327,Старовірівська територіальна громада,Громада,
126,Богодухівський район,Район,
1300,м. Богодухів та Богодухівська територіальна громада,Громада,
1301,Валківська територіальна громада,Громада,
1302,Золочівська територіальна громада,Громада,
1303,Коломацька територіальна громада,Громада,
1304,Краснокутська територіальна громада,Громада,
123,Куп'янський район,Район,
1305,Великобурлуцька територіальна громада,Громада,
1306,Вільхуватська територіальна громада,Громада,
1307,Дворічанська територіальна громада,Громада,
1309,м. Куп'янськ та Куп'янська територіальна громада,Громада,
1310,Курилівська територіальна громада,Громада,
1308,Кіндрашівська територіальна громада,Громада,
1311,Петропавлівська територіальна громада,Громада,
1312,Шевченківська територіальна громада,Громада,
128,Лозівський район,Район,
1296,Близнюківська територіальна громада,Громада,
1295,Біляївська територіальна громада,Громада,
1299,м. Златопіль та Златопільська територіальна громада,Громада,
1297,м. Лозова та Лозівська територіальна громада,Громада,
1298,Олексіївська територіальна громада,Громада,
124,Харківський район,Район,
1280,Безлюдівська територіальна громада,Громада,
1281,Височанська територіальна громада,Громада,
1282,Вільхівська територіальна громада,Громада,
1283,Дергачівська територіальна громада,Громада,
1284,Липецька територіальна громада,Громада,
1285,м. Люботин та Люботинська територіальна громада,Громада,
1286,Малоданилівська територіальна громада,Громада,
1287,Мереф'янська територіальна громада,Громада,
1288,Нововодолазька територіальна громада,Громада,
1289,Південноміська територіальна громада,Громада,
1290,Пісочинська територіальна громада,Громада,
1291,Роганська територіальна громада,Громада,
1292,Солоницівська територіальна громада,Громада,
1293,м. Харків та Харківська територіальна громада,Громада,Тривоги в місті оголошуються окремо від області чи району
1294,Циркунівська територіальна громада,Громада,
122,Чугуївський район,Район,
1313,Вовчанська територіальна громада,Громада,
1314,Зміївська територіальна громада,Громада,
1315,Малинівська територіальна громада,Громада,
1316,Новопокровська територіальна громада,Громада,
1317,Печенізька територіальна громада,Громада,
1318,Слобожанська територіальна громада,Громада,
1319,Старосалтівська територіальна громада,Громада,
1320,Чкаловська територіальна громада,Громада,
1321,м. Чугуїв та Чугуївська територіальна громада,Громада,
125,Ізюмський район,Район,
1272,Балаклійська територіальна громада,Громада,
1273,Барвінківська територіальна громада,Громада,
1274,Борівська територіальна громада,Громада,
1275,Донецька територіальна громада,Громада,
1277,Куньєвська територіальна громада,Громада,
1278,Оскільська територіальна громада,Громада,
1279,Савинська територіальна громада,Громада,
1276,м. Ізюм та Ізюмська територіальна громада,Громада,
23,Херсонська область,Область,
129,Бериславський район,Район,
1343,Бериславська територіальна громада,Громада,
1344,Борозенська територіальна громада,Громада,
1345,Великоолександрівська територіальна громада,Громада,
1346,Високопільська територіальна громада,Громада,
1347,Калинівська територіальна громада,Громада,
1348,Кочубеївська територіальна громада,Громада,
1349,Милівська територіальна громада,Громада,
1350,Нововоронцовська територіальна громада,Громада,
1351,Новоолександрівська територіальна громада,Громада,
1352,Новорайська територіальна громада,Громада,
1353,Тягинська територіальна громада,Громада,
133,Генічеський район,Район,
1373,Генічеська територіальна громада,Громада,
1375,Нижньосірогозька територіальна громада,Громада,
1376,Новотроїцька територіальна громада,Громада,
1374,Іванівська територіальна громада,Громада,
131,Каховський район,Район,
1328,Асканія-Нова територіальна громада,Громада,
1329,Великолепетиська територіальна громада,Громада,
1330,Верхньорогачицька територіальна громада,Громада,
1331,Горностаївська територіальна громада,Громада,
1332,Зеленопідська територіальна громада,Громада,
1333,м. Каховка та Каховська територіальна громада,Громада,
1334,Костянтинівська територіальна громада,Громада,
1335,Любимівська територіальна громада,Громада,
1336,м. Нова Каховка та Новокаховська територіальна громада,Громада,
1337,Присиваська територіальна громада,Громада,
1338,Рубанівська територіальна громада,Громада,
1339,Тавричанська територіальна громада,Громада,
1340,Таврійська територіальна громада,Громада,
1341,Хрестівська територіальна громада,Громада,
1342,Чаплинська територіальна громада,Громада,
130,Скадовський район,Район,
1354,Бехтерська територіальна громада,Громада,
1355,м. Гола Пристань та Голопристанська територіальна громада,Громада,
1356,Долматівська територіальна громада,Громада,
1357,Каланчацька територіальна громада,Громада,
1358,Лазурненська територіальна громада,Громада,
1359,Мирненська територіальна громада,Громада,
1360,Новомиколаївська територіальна громада,Громада,
1361,Скадовська територіальна громада,Громада,
1362,Чулаківська територіальна громада,Громада,
132,Херсонський район,Район,
1363,Білозерська територіальна громада,Громада,
1364,Великокопанівська територіальна громада,Громада,
1365,Виноградівська територіальна громада,Громада,
1366,Дар’ївська територіальна громада,Громада,
1367,Музиківська територіальна громада,Громада,
1368,Олешківська територіальна громада,Громада,
1369,Станіславська територіальна громада,Громада,
1370,м. Херсон та Херсонська територіальна громада,Громада,
1371,Чорнобаївська територіальна громада,Громада,
1372,Ювілейна територіальна громада,Громада,
3,Хмельницька область,Область,
135,Кам'янець-Подільський район,Район,
1422,Гуківська територіальна громада,Громада,
1423,Гуменецька територіальна громада,Громада,
1424,Дунаєвецька територіальна громада,Громада,
1425,Жванецька територіальна громада,Громада,
1426,Закупненська територіальна громада,Громада,
1427,м. Кам'янець-Подільський та Кам'янець-Подільська територіальна громада,Громада,
1428,Китайгородська територіальна громада,Громада,
1429,Маківська територіальна громада,Громада,
1430,Новодунаєвецька територіальна громада,Громада,
1431,Новоушицька територіальна громада,Громада,
1432,Орининська територіальна громада,Громада,
1433,Слобідсько-Кульчієвецьк територіальна громада,Громада,
1434,Смотрицька територіальна громада,Громада,
1435,Староушицька територіальна громада,Громада,
1436,Чемеровецька територіальна громада,Громада,
134,Хмельницький район,Район,
1377,Антонінська територіальна громада,Громада,
1380,Вовковинецька територіальна громада,Громада,
1381,Волочиська територіальна громада,Громада,
1378,Війтовецька територіальна громада,Громада,
1379,Віньковецька територіальна громада,Громада,
1382,Гвардійська територіальна громада,Громада,
1383,Городоцька територіальна громада,Громада,
1384,Деражнянська територіальна громада,Громада,
1385,Заслучненська територіальна громада,Громада,
1386,Зіньківська територіальна громада,Громада,
1387,Красилівська територіальна громада,Громада,
1388,Летичівська територіальна громада,Громада,
1389,Лісовогринівецька територіальна громада,Громада,
1390,Меджибізька територіальна громада,Громада,
1391,Миролюбненська територіальна громада,Громада,
1392,Наркевицька територіальна громада,Громада,
1393,Розсошанська територіальна громада,Громада,
1394,Сатанівська територіальна громада,Громада,
1395,Солобковецька територіальна громада,Громада,
1396,м. Старокостянтинів та Старокостянтинівська територіальна громада,Громада,
1397,Староостропільська територіальна громада,Громада,
1398,Старосинявська територіальна громада,Громада,
1399,Теофіпольська територіальна громада,Громада,
1400,м. Хмельницький та Хмельницька територіальна громада,Громада,
1401,Чорноострівська територіальна громада,Громада,
1402,Щиборівська територіальна громада,Громада,
1403,Ярмолинецька територіальна громада,Громада,
136,Шепетівський район,Район,
1404,Берездівська територіальна громада,Громада,
1405,Білогірська територіальна громада,Громада,
1406,Ганнопільська територіальна громада,Громада,
1407,Грицівська територіальна громада,Громада,
1409,Крупецька територіальна громада,Громада,
1410,Ленковецька територіальна громада,Громада,
1411,Михайлюцька територіальна громада,Громада,
1412,м. Нетішин та Нетішинська територіальна громада,Громада,
1413,Плужненська територіальна громада,Громада,
1414,Полонська територіальна громада,Громада,
1415,Понінківська територіальна громада,Громада,
1416,Сахновецька територіальна громада,Громада,
1417,м. Славута та Славутська територіальна громада,Громада,
1418,Судилківська територіальна громада,Громада,
1419,Улашанівська територіальна громада,Громада,
1420,м. Шепетівка та Шепетівська територіальна громада,Громада,
1421,Ямпільська територіальна громада,Громада,
1408,Ізяславська територіальна громада,Громада,
24,Черкаська область,Область,
150,Звенигородський район,Район,
1475,Бужанська територіальна громада,Громада,
1476,м. Ватутіне та Ватутінська територіальна громада,Громада,
1477,Виноградська територіальна громада,Громада,
1479,Водяницька територіальна громада,Громада,
1478,Вільшанська територіальна громада,Громада,
1481,Звенигородська територіальна громада,Громада,
1482,Катеринопільська територіальна громада,Громада,
1483,Лип'янська територіальна громада,Громада,
1484,Лисянська територіальна громада,Громада,
1485,Матусівська територіальна громада,Громада,
1486,Мокрокалигірська територіальна громада,Громада,
1487,Селищенська територіальна громада,Громада,
1488,Стеблівська територіальна громада,Громада,
1489,м. Тальне та Тальнівська територіальна громада,Громада,
1490,Шевченківська територіальна громада,Громада,
1491,м. Шпола та Шполянська територіальна громада,Громада,
1480,Єрківська територіальна громада,Громада,
153,Золотоніський район,Район,
1492,Великохутірська територіальна громада,Громада,
1493,Вознесенська територіальна громада,Громада,
1494,Гельмязівська територіальна громада,Громада,
1495,Драбівська територіальна громада,Громада,
1496,Золотоніська територіальна громада,Громада,
1497,Зорівська територіальна громада,Громада,
1499,Новодмитрівська територіальна громада,Громада,
1500,Піщанська територіальна громада,Громада,
1501,Чорнобаївська територіальна громада,Громада,
1502,Шрамківська територіальна громада,Громада,
1498,Іркліївська територіальна громада,Громада,
151,Уманський район,Район,
1437,Бабанська територіальна громада,Громада,
1438,Баштечківська територіальна громада,Громада,
1439,Буцька територіальна громада,Громада,
1440,Дмитрушківська територіальна громада,Громада,
1441,Жашківська територіальна громада,Громада,
1443,Ладижинська територіальна громада,Громада,
1444,Маньківська територіальна громада,Громада,
1445,м. Монастирище та Монастрищенська територіальна громада,Громада,
1446,Паланська територіальна громада,Громада,
1447,Уманська територіальна громада,Громада,
1448,м. Христинівка та Христинівська територіальна громада,Громада,
1442,Іваньківська територіальна громада,Громада,
152,Черкаський район,Район,
1449,Балаклеївська територіальна громада,Громада,
1450,Березняківська територіальна громада,Громада,
1452,Бобрицька територіальна громада,Громада,
1453,Будищенська територіальна громада,Громада,
1451,Білозірська територіальна громада,Громада,
1454,Городищенська територіальна громада,Громада,
1455,Кам’янська територіальна громада,Громада,
1456,Канівська територіальна громада,Громада,
1457,м. Корсунь-Шевченківський та Корсунь-Шевченківська територіальна громада,Громада,
1458,Леськівська територіальна громада,Громада,
1459,Ліплявська територіальна громада,Громада,
1460,Медведівська територіальна громада,Громада,
1461,Михайлівська територіальна громада,Громада,
1462,Мліївська територіальна громада,Громада,
1463,Мошнівська територіальна громада,Громада,
1464,Набутівська територіальна громада,Громада,
1465,Ротмістрівська територіальна громада,Громада,
1466,Русько-Полянська територіальна громада,Громада,
1467,Сагунівська територіальна громада,Громада,
1468,Смілянська територіальна громада,Громада,
1469,Степанецька територіальна громада,Громада,
1470,Степанківська територіальна громада,Громада,
1471,Тернівська територіальна громада,Громада,
1472,Червонослобідська територіальна громада,Громада,
1473,м. Черкаси та Черкаська територіальна громада,Громада,
1474,м. Чигирин та Чигиринська територіальна громада,Громада,
26,Чернівецька область,Область,
138,Вижницький район,Район,
1503,Банилівська територіальна громада,Громада,
1504,Берегометська територіальна громада,Громада,
1505,Брусницька територіальна громада,Громада,
1506,Вашківецька територіальна громада,Громада,
1507,Вижницька територіальна громада,Громада,
1508,Конятинська територіальна громада,Громада,
1509,Путильська територіальна громада,Громада,
1510,Селятинська територіальна громада,Громада,
1511,Усть-Путильська територіальна громада,Громада,
139,Дністровський район,Район,
1545,Вашковецька територіальна громада,Громада,
1546,Кельменецька територіальна громада,Громада,
1547,Клішковецька територіальна громада,Громада,
1548,Лівинецька територіальна громада,Громада,
1549,Мамалигівська територіальна громада,Громада,
1550,Недобоївська територіальна громада,Громада,
1551,м. Новодністровськ та Новодністровська територіальна громада,Громада,
1552,Рукшинська територіальна громада,Громада,
1553,Сокирянська територіальна громада,Громада,
1554,Хотинська територіальна громада,Громада,
137,Чернівецький район,Район,
1512,Боянська територіальна громада,Громада,
1513,Ванчиковецька територіальна громада,Громада,
1514,Великокучурівська територіальна громада,Громада,
1515,Веренчацька територіальна громада,Громада,
1517,Волоківська територіальна громада,Громада,
1516,Вікнянська територіальна громада,Громада,
1518,Герцаївська територіальна громада,Громада,
1519,Глибоцька територіальна громада,Громада,
1520,Горішньошеровецька територіальна громада,Громада,
1521,Заставнівська територіальна громада,Громада,
1522,Кадубовецька територіальна громада,Громада,
1523,Кам'янецька територіальна громада,Громада,
1524,Кам'янська територіальна громада,Громада,
1525,Карапачівська територіальна громада,Громада,
1527,Кострижівська територіальна громада,Громада,
1528,Красноїльська територіальна громада,Громада,
1526,Кіцманська територіальна громада,Громада,
1529,Магальська територіальна громада,Громада,
1530,Мамаївська територіальна громада,Громада,
1531,Неполоковецька територіальна громада,Громада,
1532,Новоселицька територіальна громада,Громада,
1533,Острицька територіальна громада,Громада,
1534,Петровецька територіальна громада,Громада,
1535,Ставчанська територіальна громада,Громада,
1536,Сторожинецька територіальна громада,Громада,
1537,Сучевенська територіальна громада,Громада,
1538,Тарашанська територіальна громада,Громада,
1539,Тереблеченська територіальна громада,Громада,
1540,Топорівська територіальна громада,Громада,
1541,Чагорська територіальна громада,Громада,
1542,м. Чернівці та Чернівецька територіальна громада,Громада,
1543,Чудейська територіальна громада,Громада,
1544,Юрковецька територіальна громада,Громада,
25,Чернігівська область,Область,
144,Корюківський район,Район,
1607,Корюківська територіальна громада,Громада,
1608,Менська територіальна громада,Громада,
1609,Сновська територіальна громада,Громада,
1610,Сосницька територіальна громада,Громада,
1611,Холминська територіальна громада,Громада,
141,Новгород-Сіверський район,Район,
1603,Коропська територіальна громада,Громада,
1604,м. Новгород-Сіверський та Новгород-Сіверська територіальна громада,Громада,
1605,Понорницька територіальна громада,Громада,
1606,Семенівська територіальна громада,Громада,
142,Ніжинський район,Район,
1555,Батуринська територіальна громада,Громада,
1556,Бахмацька територіальна громада,Громада,
1557,Бобровицька територіальна громада,Громада,
1558,Борзнянська територіальна громада,Громада,
1559,Вертіївська територіальна громада,Громада,
1560,Височанська територіальна громада,Громада,
1561,Дмитрівська територіальна громада,Громада,
1562,Комарівська територіальна громада,Громада,
1563,Крутівська територіальна громада,Громада,
1564,Лосинівська територіальна громада,Громада,
1565,Макіївська територіальна громада,Громада,
1566,Мринська територіальна громада,Громада,
1568,Новобасанська територіальна громада,Громада,
1569,Носівська територіальна громада,Громада,
1567,м. Ніжин та Ніжинська територіальна громада,Громада,
1570,Плисківська територіальна громада,Громада,
1571,Талалаївська територіальна громада,Громада,
143,Прилуцький район,Район,
1592,Варвинська територіальна громада,Громада,
1594,Ладанська територіальна громада,Громада,
1595,Линовицька територіальна громада,Громада,
1596,Малодівицька територіальна громада,Громада,
1597,Парафіївська територіальна громада,Громада,
1598,м. Прилуки та Прилуцька територіальна громада,Громада,
1599,Срібнянська територіальна громада,Громада,
1600,Сухополов'янська територіальна громада,Громада,
1601,Талалаївська територіальна громада,Громада,
1602,Яблунівська територіальна громада,Громада,
1593,Ічнянська територіальна громада,Громада,
140,Чернігівський район,Район,
1572,Березнянська територіальна громада,Громада,
1573,Гончарівська територіальна громада,Громада,
1574,Городнянська територіальна громада,Громада,
1575,Деснянська територіальна громада,Громада,
1576,Добрянська територіальна громада,Громада,
1579,Киселівська територіальна громада,Громада,
1578,Киїнська територіальна громада,Громада,
1581,Козелецька територіальна громада,Громада,
1582,Куликівська територіальна громада,Громада,
1580,Кіптівська територіальна громада,Громада,
1583,Любецька територіальна громада,Громада,
1584,Михайло-Коцюбинська територіальна громада,Громада,
1585,Новобілоуська територіальна громада,Громада,
1586,Олишівська територіальна громада,Громада,
1587,Остерська територіальна громада,Громада,
1588,Ріпкинська територіальна громада,Громада,
1589,Седнівська територіальна громада,Громада,
1590,Тупичівська територіальна громада,Громада,
1591,м. Чернігів та Чернігівська територіальна громада,Громада,
1577,Іванівська територіальна громада,Громада,
13,Івано-Франківська область,Область,
67,Верховинський район,Район,
620,Білоберізька територіальна громада,Громада,
621,Верховинська територіальна громада,Громада,
622,Зеленська територіальна громада,Громада,
71,Калуський район,Район,
643,м. Болехів та Болехівська територіальна громада,Громада,
644,Брошнів-Осадська територіальна громада,Громада,
645,Верхнянська територіальна громада,Громада,
646,Вигодська територіальна громада,Громада,
647,Витвицька територіальна громада,Громада,
648,Войнилівська територіальна громада,Громада,
649,м. Долина та Долинська територіальна громада,Громада,
650,Дубівська територіальна громада,Громада,
651,м. Калуш та Калуська територіальна громада,Громада,
652,Новицька територіальна громада,Громада,
653,Перегінська територіальна громада,Громада,
654,Рожнятівська територіальна громада,Громада,
655,Спаська територіальна громада,Громада,
70,Коломийський район,Район,
664,Гвіздецька територіальна громада,Громада,
665,Городенківська територіальна громада,Громада,
666,Заболотівська територіальна громада,Громада,
667,м. Коломия та Коломийська територіальна громада,Громада,
668,Коршівська територіальна громада,Громада,
669,Матеївецька територіальна громада,Громада,
670,Нижньовербізька територіальна громада,Громада,
671,Отинійська територіальна громада,Громада,
674,П'ядицька територіальна громада,Громада,
672,Печеніжинська територіальна громада,Громада,
673,Підгайчиківська територіальна громада,Громада,
675,Снятинська територіальна громада,Громада,
676,Чернелицька територіальна громада,Громада,
69,Косівський район,Район,
678,Космацька територіальна громада,Громада,
677,Косівська територіальна громада,Громада,
679,Кутська територіальна громада,Громада,
680,Рожнівська територіальна громада,Громада,
681,Яблунівська територіальна громада,Громада,
72,Надвірнянський район,Район,
656,Ворохтянська територіальна громада,Громада,
657,Делятинська територіальна громада,Громада,
658,Ланчинська територіальна громада,Громада,
659,м. Надвірна та Надвірнянська територіальна громада,Громада,
660,Пасічнянська територіальна громада,Громада,
661,Переріслянська територіальна громада,Громада,
662,Поляницька територіальна громада,Громада,
663,м. Яремче та Яремчанська територіальна громада,Громада,
68,Івано-Франківський район,Район,
624,Богородчанська територіальна громада,Громада,
625,Букачівська територіальна громада,Громада,
626,м. Бурштин та Бурштинська територіальна громада,Громада,
623,Більшівцівська територіальна громада,Громада,
627,Галицька територіальна громада,Громада,
628,Дзвиняцька територіальна громада,Громада,
629,Дубовецька територіальна громада,Громада,
631,Загвіздянська територіальна громада,Громада,
633,Лисецька територіальна громада,Громада,
634,Обертинська територіальна громада,Громада,
635,Олешанська територіальна громада,Громада,
636,Рогатинська територіальна громада,Громада,
637,Солотвинська територіальна громада,Громада,
638,Старобогородчанська територіальна громада,Громада,
639,Тисменицька територіальна громада,Громада,
640,Тлумацька територіальна громада,Громада,
641,Угринівська територіальна громада,Громада,
642,Ямницька територіальна громада,Громада,
630,Єзупільська територіальна громада,Громада,
632,м. Івано-Франківськ та Івано-Франківська територіальна громада,Громада,
